ACCORDEON;http://img.over-blog.com/100x89/0/51/39/34/instrument/accordeon.jpg
AEROPHONE INSTRUMENT A VENT;http://img.over-blog.com/100x79/0/51/39/34/instrument2/aerophone_instrument_a_vent.JPG
ALTO;http://img.over-blog.com/40x100/0/51/39/34/instrument/alto.jpg
AMATI;http://img.over-blog.com/46x100/0/51/39/34/instrument/amati.jpg
LUTH;http://img.over-blog.com/48x100/0/51/39/34/instrument/luth.jpg
APPEAU INSTRUMENT;http://img.over-blog.com/100x94/0/51/39/34/instrument2/appeau_instrument.jpg
ARCHILUTH;http://img.over-blog.com/26x100/0/51/39/34/instrument/archiluth.jpg
BALAFON;http://img.over-blog.com/100x60/0/51/39/34/instrument/balafon.gif
BALALAIKA;http://img.over-blog.com/56x100/0/51/39/34/instrument/balalaika.jpg
KA;http://img.over-blog.com/100x84/0/51/39/34/instrument/ka.gif
BANDONEON;http://img.over-blog.com/100x66/0/51/39/34/instrument/bandoneon.jpg
BANJO;http://img.over-blog.com/100x75/0/51/39/34/instrument/banjo.jpg
BARYTON;http://img.over-blog.com/34x100/0/51/39/34/instrument/baryton.jpg
BASSE;http://img.over-blog.com/69x100/0/51/39/34/instrument/basse.jpg
COR DE BASSET;http://img.over-blog.com/27x100/0/51/39/34/instrument/cor-de-basset.gif
BASSON;http://img.over-blog.com/100x79/0/51/39/34/instrument/basson.gif
BATON DE PLUIE;http://img.over-blog.com/98x100/0/51/39/34/instrument2/baton_de_pluie.jpg
BATTERIE;http://img.over-blog.com/100x86/0/51/39/34/instrument/batterie.gif
BEDON TAMBOUR INSTRUMENT;http://img.over-blog.com/69x100/0/51/39/34/instrument2/bedon_tambour_instrument.jpg
BENDIR;http://img.over-blog.com/100x79/0/51/39/34/instrument/bendir.jpg
BERIMBAU;http://img.over-blog.com/59x100/0/51/39/34/instrument/berimbau.jpg
BINIOU;http://img.over-blog.com/80x100/0/51/39/34/instrument/biniou.jpg
BIWA;http://img.over-blog.com/100x40/0/51/39/34/instrument/biwa.jpg
HAUTBOIS;http://img.over-blog.com/100x64/0/51/39/34/instrument/hautbois.gif
BOITE A MUSIQUE;http://img.over-blog.com/100x100/0/51/39/34/instrument/boite_a_musique.jpg
BOMBARDE;http://img.over-blog.com/100x70/0/51/39/34/instrument/bombarde.jpg
BOMBARDON;http://img.over-blog.com/75x100/0/51/39/34/instrument/bombardon.jpg
BONGO;http://img.over-blog.com/100x60/0/51/39/34/instrument/bongo.jpg
CHAPEAU CHINOIS;http://img.over-blog.com/61x100/0/51/39/34/instrument/chapeau-chinois.jpg
KA;http://img.over-blog.com/100x84/0/51/39/34/instrument/ka.gif
CORNET;http://img.over-blog.com/100x63/0/51/39/34/instrument/cornet.jpg
CLOCHE;http://img.over-blog.com/81x100/0/51/39/34/instrument/cloche.jpg
BOUZOUKI;http://img.over-blog.com/100x55/0/51/39/34/instrument/bouzouki.jpg
BUCCIN;http://img.over-blog.com/100x81/0/51/39/34/instrument/buccin.jpg
BUGLE;http://img.over-blog.com/100x47/0/51/39/34/instrument/bugle.jpg
CABRETTE;http://img.over-blog.com/98x100/0/51/39/34/instrument/cabrette.jpg
CAISSE;http://img.over-blog.com/100x87/0/51/39/34/instrument/caisse.jpg
CALEBASSE;http://img.over-blog.com/100x82/0/51/39/34/instrument/calebasse.jpg
PSALTERION;http://img.over-blog.com/100x100/0/51/39/34/instrument/psalterion.jpg
CARILLON;http://img.over-blog.com/99x100/0/51/39/34/instrument/carillon.jpg
CASSEROLE MAUVAIS PIANO INSTRUMENT MUSIQUE;http://img.over-blog.com/100x82/0/51/39/34/instrument/casserole_mauvais_piano_instrument_musique.jpg
CASTAGNETTES;http://img.over-blog.com/100x91/0/51/39/34/instrument/castagnettes.jpg
CELESTA;http://img.over-blog.com/96x100/0/51/39/34/instrument/celesta.jpg
CHAPEAU CHINOIS;http://img.over-blog.com/61x100/0/51/39/34/instrument/chapeau-chinois.jpg
CHARANGO;http://img.over-blog.com/100x46/0/51/39/34/instrument/charango.jpg
CHARLESTON;http://img.over-blog.com/43x100/0/51/39/34/instrument/charleston.jpg
CHOFAR;http://img.over-blog.com/100x30/0/51/39/34/instrument/chofar.jpg
CISTRE;http://img.over-blog.com/100x39/0/51/39/34/instrument/cistre.jpg
CITHARE;http://img.over-blog.com/100x99/0/51/39/34/instrument/cithare.jpg
CLAIRON;http://img.over-blog.com/100x39/0/51/39/34/instrument/clairon.jpg
CRECELLE;http://img.over-blog.com/100x69/0/51/39/34/instrument/crecelle.gif
CLARINETTE;http://img.over-blog.com/100x80/0/51/39/34/instrument/clarinette.jpg
CLAVECIN;http://img.over-blog.com/80x100/0/51/39/34/instrument/clavecin.jpg
CLAVES;http://img.over-blog.com/100x57/0/51/39/34/instrument2/claves.jpg
CLAVICORDE;http://img.over-blog.com/100x59/0/51/39/34/instrument/clavicorde.jpg
SYNTHETISEUR1;http://img.over-blog.com/100x100/0/51/39/34/instrument/synthetiseur1.jpg
CRECELLE;http://img.over-blog.com/100x69/0/51/39/34/instrument/crecelle.gif
CLOCHE;http://img.over-blog.com/81x100/0/51/39/34/instrument/cloche.jpg
CLOCHETTE;http://img.over-blog.com/75x100/0/51/39/34/instrument/clochette.jpg
COBZA;http://img.over-blog.com/39x100/0/51/39/34/instrument/cobza.jpg
CONCERTINA;http://img.over-blog.com/100x67/0/51/39/34/instrument/concertina.gif
CONGA;http://img.over-blog.com/63x100/0/51/39/34/instrument/conga.jpg
CONTREBASSE;http://img.over-blog.com/37x100/0/51/39/34/instrument/contrebasse.jpg
CONTREBASSON;http://img.over-blog.com/100x91/0/51/39/34/instrument/contrebasson.gif
COR;http://img.over-blog.com/62x100/0/51/39/34/instrument/cor.jpg
CORDOPHONE INSTRUMENTS A CORDES;http://img.over-blog.com/100x78/0/51/39/34/instrument2/cordophone_instruments_a_cordes.JPG
CORNE;http://img.over-blog.com/100x39/0/51/39/34/instrument/corne.jpg
CORNEMUSE;http://img.over-blog.com/56x100/0/51/39/34/instrument/cornemuse.jpg
CORNET;http://img.over-blog.com/100x63/0/51/39/34/instrument/cornet.jpg
CORNU INSTRUMENT;http://img.over-blog.com/52x100/0/51/39/34/instrument2/cornu_instrument.JPG
APPEAU INSTRUMENT;http://img.over-blog.com/100x94/0/51/39/34/instrument2/appeau_instrument.jpg
COURTAUD INSTRUMENT;http://img.over-blog.com/100x41/0/51/39/34/instrument2/courtaud_instrument.gif
CRAPAUD;http://img.over-blog.com/100x92/0/51/39/34/instrument/crapaud.jpg
CRECELLE;http://img.over-blog.com/100x69/0/51/39/34/instrument/crecelle.gif
CRINCRIN;http://img.over-blog.com/100x45/0/51/39/34/instrument/crincrin.jpg
CROMORNE;http://img.over-blog.com/32x100/0/51/39/34/instrument/cromorne.jpg
CROTALE;http://img.over-blog.com/100x60/0/51/39/34/instrument/crotale.jpg
CUILLERES;http://img.over-blog.com/100x80/0/51/39/34/instrument/cuilleres.jpg
CYMBALE;http://img.over-blog.com/99x100/0/51/39/34/instrument/cymbale.jpg
CYMBALUM;http://img.over-blog.com/100x78/0/51/39/34/instrument/cymbalum.jpg
DARBOUKA;http://img.over-blog.com/80x100/0/51/39/34/instrument/darbouka.jpg
DIAPASON;http://img.over-blog.com/68x100/0/51/39/34/instrument/diapason.jpg
DIAULE;http://img.over-blog.com/100x80/0/51/39/34/instrument/diaule.jpg
DIDJERIDOO;http://img.over-blog.com/100x39/0/51/39/34/instrument/didjeridoo.jpg
DJEMBE;http://img.over-blog.com/66x100/0/51/39/34/instrument/djembe.jpg
DONDAINE;http://img.over-blog.com/100x75/0/51/39/34/instrument/dondaine.jpg
BATTERIE;http://img.over-blog.com/100x86/0/51/39/34/instrument/batterie.gif
EPINETTE;http://img.over-blog.com/87x100/0/51/39/34/instrument/epinette.jpg
ESTIVE INSTRUMENT;http://img.over-blog.com/57x100/0/51/39/34/instrument2/estive_instrument.jpg
FLAGEOLET;http://img.over-blog.com/100x14/0/51/39/34/instrument/flageolet.jpg
FLUTE;http://img.over-blog.com/100x93/0/51/39/34/instrument/flute.jpg
FLUTE DE PAN;http://img.over-blog.com/96x100/0/51/39/34/instrument2/flute_de_pan.jpg
FORTE INSTRUMENT;http://img.over-blog.com/64x100/0/51/39/34/instrument2/forte_instrument.jpg
FOULE INSTRUMENT;http://img.over-blog.com/100x12/0/51/39/34/instrument2/foule_instrument.jpg
GALOUBET;http://img.over-blog.com/100x10/0/51/39/34/instrument/galoubet.jpg
VIOLE DE GAMBE;http://img.over-blog.com/37x100/0/51/39/34/instrument2/viole-de-gambe.jpg
GAZOU;http://img.over-blog.com/100x67/0/51/39/34/instrument/gazou.jpg
GIGUE INSTRUMENT;http://img.over-blog.com/100x65/0/51/39/34/instrument2/gigue_instrument.jpg
GONG;http://img.over-blog.com/94x100/0/51/39/34/instrument/gong.jpg
GRELOT;http://img.over-blog.com/100x100/0/51/39/34/instrument/grelot.jpg
GUITARE;http://img.over-blog.com/100x74/0/51/39/34/instrument/guitare.jpg
GUZLA;http://img.over-blog.com/100x91/0/51/39/34/instrument/guzla.jpg
HARMONICA;http://img.over-blog.com/100x60/0/51/39/34/instrument/harmonica.gif
HARMONIUM;http://img.over-blog.com/100x93/0/51/39/34/instrument/harmonium.jpg
HARPE;http://img.over-blog.com/50x100/0/51/39/34/instrument/harpe.jpg
HAUTBOIS;http://img.over-blog.com/100x64/0/51/39/34/instrument/hautbois.gif
HELICON;http://img.over-blog.com/67x100/0/51/39/34/instrument/helicon.jpg
HEPTACORDE;http://img.over-blog.com/100x50/0/51/39/34/instrument/heptacorde.jpg
CRECELLE;http://img.over-blog.com/100x69/0/51/39/34/instrument/crecelle.gif
HOCHET;http://img.over-blog.com/100x60/0/51/39/34/instrument/hochet.jpg
TROMPE;http://img.over-blog.com/100x50/0/51/39/34/instrument2/trompe.jpg
HYDRAULE;http://img.over-blog.com/100x79/0/51/39/34/instrument/hydraule.jpg
IDIOPHONE;http://img.over-blog.com/78x100/0/51/39/34/instrument2/idiophone.jpg
KA;http://img.over-blog.com/100x84/0/51/39/34/instrument/ka.gif
QANUN;http://img.over-blog.com/100x45/0/51/39/34/instrument/qanun.jpg
KENA QUENA FLUTE ANDINE;http://img.over-blog.com/100x75/0/51/39/34/instrument2/kena_quena_flute_andine.JPG
KHOL INSTRUMENT;http://img.over-blog.com/100x77/0/51/39/34/instrument2/khol_instrument.jpg
KLAXON INSTRUMENT;http://img.over-blog.com/100x57/0/51/39/34/instrument2/Klaxon_instrument.jpg
KORA;http://img.over-blog.com/41x100/0/51/39/34/instrument/kora.jpg
KOTO;http://img.over-blog.com/100x63/0/51/39/34/instrument/koto.gif
SANZA;http://img.over-blog.com/43x100/0/51/39/34/instrument/sanza.jpg
FLAGEOLET;http://img.over-blog.com/100x14/0/51/39/34/instrument/flageolet.jpg
LIMONAIRE;http://img.over-blog.com/88x100/0/51/39/34/instrument/limonaire.jpg
LITUUS INSTRUMENT;http://img.over-blog.com/100x72/0/51/39/34/instrument2/lituus_instrument.jpg
CORNEMUSE;http://img.over-blog.com/56x100/0/51/39/34/instrument/cornemuse.jpg
LUTH;http://img.over-blog.com/48x100/0/51/39/34/instrument/luth.jpg
LYRE;http://img.over-blog.com/44x100/0/51/39/34/instrument/lyre.jpg
MANDOLE;http://img.over-blog.com/52x100/0/51/39/34/instrument/mandole.jpg
MANDOLINE;http://img.over-blog.com/100x56/0/51/39/34/instrument/mandoline.jpg
CLAVICORDE;http://img.over-blog.com/100x59/0/51/39/34/instrument/clavicorde.jpg
MARACA;http://img.over-blog.com/100x69/0/51/39/34/instrument/maraca.jpg
MARIMBA;http://img.over-blog.com/100x76/0/51/39/34/instrument/marimba.jpg
MELODICA;http://img.over-blog.com/100x40/0/51/39/34/instrument/melodica.jpg
MEMBRANOPHONE;http://img.over-blog.com/100x68/0/51/39/34/instrument2/membranophone.jpg
METALLOPHONE;http://img.over-blog.com/100x76/0/51/39/34/instrument/metallophone.jpg
METRONOME INSTRUMENT;http://img.over-blog.com/76x100/0/51/39/34/instrument2/metronome_instrument.jpg
MEZOUED;http://img.over-blog.com/100x75/0/51/39/34/instrument/mezoued.jpg
GAZOU;http://img.over-blog.com/100x67/0/51/39/34/instrument/gazou.jpg
MONOCORDE;http://img.over-blog.com/100x75/0/51/39/34/instrument/monocorde.jpg
MUSETTE;http://img.over-blog.com/100x65/0/51/39/34/instrument/musette.jpg
NAY;http://img.over-blog.com/65x100/0/51/39/34/instrument/nay.jpg
OCARINA;http://img.over-blog.com/100x50/0/51/39/34/instrument/ocarina.jpg
OLIFANT;http://img.over-blog.com/100x36/0/51/39/34/instrument/olifant.jpg
ONDES MARTENOT;http://img.over-blog.com/100x33/0/51/39/34/instrument/ondes-Martenot.jpg
OPHICLEIDE;http://img.over-blog.com/100x29/0/51/39/34/instrument/ophicleide.jpg
ORGUE;http://img.over-blog.com/81x100/0/51/39/34/instrument/orgue.jpg
LUTH;http://img.over-blog.com/48x100/0/51/39/34/instrument/luth.jpg
PANDORE INSTRUMENT;http://img.over-blog.com/100x95/0/51/39/34/instrument2/pandore_instrument.jpg
CHAPEAU CHINOIS;http://img.over-blog.com/61x100/0/51/39/34/instrument/chapeau-chinois.jpg
PENTACORDE;http://img.over-blog.com/76x100/0/51/39/34/instrument/pentacorde.jpg
PIANO;http://img.over-blog.com/98x100/0/51/39/34/instrument/piano.jpg
PIANOFORTE;http://img.over-blog.com/77x100/0/51/39/34/instrument/pianoforte.jpg
PIANOLA;http://img.over-blog.com/100x82/0/51/39/34/instrument/pianola.jpg
PIBROCK;http://img.over-blog.com/66x100/0/51/39/34/instrument/pibrock.jpg
PIPA INSTRUMENT;http://img.over-blog.com/67x100/0/51/39/34/instrument2/pipa_instrument.jpg
POCHE;http://img.over-blog.com/36x100/0/51/39/34/instrument/poche.jpg
PORTATIF;http://img.over-blog.com/65x100/0/51/39/34/instrument/portatif.jpg
POSITIF;http://img.over-blog.com/100x95/0/51/39/34/instrument/positif.jpg
PSALTERION;http://img.over-blog.com/100x100/0/51/39/34/instrument/psalterion.jpg
QIN;http://img.over-blog.com/100x73/0/51/39/34/instrument/qin.jpg
RABAB;http://img.over-blog.com/100x38/0/51/39/34/instrument/rabab.jpg
REBEC;http://img.over-blog.com/100x48/0/51/39/34/instrument/rebec.jpg
APPEAU INSTRUMENT;http://img.over-blog.com/100x94/0/51/39/34/instrument2/appeau_instrument.jpg
REGALE INSTRUMENT;http://img.over-blog.com/79x100/0/51/39/34/instrument2/regale_instrument.jpg
RHOMBE;http://img.over-blog.com/100x63/0/51/39/34/instrument/rhombe.jpg
ROSSIGNOL;http://img.over-blog.com/66x100/0/51/39/34/instrument/rossignol.jpg
ROTE;http://img.over-blog.com/47x100/0/51/39/34/instrument/rote.jpg
ROULEUR INSTRUMENT;http://img.over-blog.com/100x87/0/51/39/34/instrument2/rouleur_instrument.JPG
SABAR;http://img.over-blog.com/100x98/0/51/39/34/instrument/sabar.jpg
SAMBUQUE;http://img.over-blog.com/56x100/0/51/39/34/instrument/sambuque.jpg
SANTOUR SANTUR CITHARE;http://img.over-blog.com/100x43/0/51/39/34/instrument2/santour_santur_cithare.jpg
SANZA;http://img.over-blog.com/43x100/0/51/39/34/instrument/sanza.jpg
SAROD;http://img.over-blog.com/100x59/0/51/39/34/instrument/sarod.jpg
SARON;http://img.over-blog.com/100x39/0/51/39/34/instrument/saron.jpg
SARRUSSOPHONE;http://img.over-blog.com/100x24/0/51/39/34/instrument/sarrussophone.jpg
SAXOPHONE;http://img.over-blog.com/100x80/0/51/39/34/instrument/saxophone.jpg
SAXHORN;http://img.over-blog.com/100x100/0/51/39/34/instrument/saxhorn.jpg
SCIE MUSICALE;http://img.over-blog.com/100x36/0/51/39/34/instrument/scie_musicale.jpg
SETAR;http://img.over-blog.com/100x75/0/51/39/34/instrument/setar.gif
SERINETTE;http://img.over-blog.com/98x100/0/51/39/34/instrument/serinette.jpg
SERPENT INSTRUMENT;http://img.over-blog.com/100x62/0/51/39/34/instrument2/serpent_instrument.jpg
SHAHNAI;http://img.over-blog.com/100x43/0/51/39/34/instrument/shahnai.jpg
SIFFLET;http://img.over-blog.com/100x79/0/51/39/34/instrument/sifflet.jpg
SISTRE;http://img.over-blog.com/100x59/0/51/39/34/instrument/sistre.jpg
SONNAILLE;http://img.over-blog.com/57x100/0/51/39/34/instrument/sonnaille.jpg
SONNETTE;http://img.over-blog.com/100x83/0/51/39/34/instrument/sonnette.jpg
SOPRANO;http://img.over-blog.com/100x80/0/51/39/34/instrument/soprano.jpg
EPINETTE;http://img.over-blog.com/87x100/0/51/39/34/instrument/epinette.jpg
SYNTHETISEUR1;http://img.over-blog.com/100x100/0/51/39/34/instrument/synthetiseur1.jpg
SYRINX FLUTE DE PAN;http://img.over-blog.com/97x100/0/51/39/34/instrument/syrinx_flute-de-pan.jpg
TABALA TAM TAM;http://img.over-blog.com/100x89/0/51/39/34/instrument2/tabala_tam-tam.jpg
TABLA;http://img.over-blog.com/100x68/0/51/39/34/instrument/tabla.jpg
TAMA TAMBOUR AISSELLE INSTRUMENT;http://img.over-blog.com/100x71/0/51/39/34/instrument2/tama_tambour_aisselle_instrument.jpg
TAMBOUR;http://img.over-blog.com/99x100/0/51/39/34/instrument/tambour.jpg
TAMBOURIN;http://img.over-blog.com/100x87/0/51/39/34/instrument/tambourin.jpg
TAR;http://img.over-blog.com/100x39/0/51/39/34/instrument/tar.jpg
TEORBE;http://img.over-blog.com/100x54/0/51/39/34/instrument/teorbe.jpg
TIMBALE;http://img.over-blog.com/83x100/0/51/39/34/instrument/timbale.jpg
TIMBRE;http://img.over-blog.com/100x100/0/51/39/34/instrument2/timbre.jpg
TOM;http://img.over-blog.com/70x100/0/51/39/34/instrument2/tom.jpg
SONNAILLE;http://img.over-blog.com/57x100/0/51/39/34/instrument/sonnaille.jpg
FLUTE TRAVERSIERE;http://img.over-blog.com/100x80/0/51/39/34/instrument/flute-traversiere.jpg
TRIANGLE;http://img.over-blog.com/100x81/0/51/39/34/instrument2/triangle.jpg
TROMBONE;http://img.over-blog.com/100x47/0/51/39/34/instrument2/trombone.jpg
TROMPE;http://img.over-blog.com/100x50/0/51/39/34/instrument2/trompe.jpg
TROMPETTE;http://img.over-blog.com/100x32/0/51/39/34/instrument2/trompette.jpg
TUBA;http://img.over-blog.com/100x100/0/51/39/34/instrument2/tuba.jpg
TUMBA;http://img.over-blog.com/60x100/0/51/39/34/instrument2/tumba.jpg
TURLURETTE;http://img.over-blog.com/100x84/0/51/39/34/instrument2/turlurette.jpg
CYMBALUM;http://img.over-blog.com/100x78/0/51/39/34/instrument/cymbalum.jpg
UKULELE;http://img.over-blog.com/100x79/0/51/39/34/instrument2/ukulele.jpg
VALIHA;http://img.over-blog.com/100x15/0/51/39/34/instrument2/valiha.jpg
VIBRAPHONE;http://img.over-blog.com/100x60/0/51/39/34/instrument2/vibraphone.gif
VIELE;http://img.over-blog.com/100x77/0/51/39/34/instrument2/viele.jpg
VIELLE;http://img.over-blog.com/100x54/0/51/39/34/instrument2/vielle.jpg
VINA;http://img.over-blog.com/44x100/0/51/39/34/instrument2/vina.jpg
VIOLE;http://img.over-blog.com/49x100/0/51/39/34/instrument2/viole.jpg
VIOLON;http://img.over-blog.com/100x62/0/51/39/34/instrument2/violon.jpg
VIOLONCELLE;http://img.over-blog.com/100x98/0/51/39/34/instrument2/violoncelle.jpg
VIOLONE INSTRUMENT;http://img.over-blog.com/43x100/0/51/39/34/instrument2/violone_instrument.jpg
VIRGINAL;http://img.over-blog.com/100x88/0/51/39/34/instrument2/virginal.jpg
VOIX HUMAINE INSTRUMENT;http://img.over-blog.com/100x83/0/51/39/34/instrument2/voix_humaine_instrument.jpg
VUVUZELA TROMPETTE;http://img.over-blog.com/100x76/0/51/39/34/instrument2/vuvuzela_trompette.jpg
XALAM;http://img.over-blog.com/42x100/0/51/39/34/instrument2/xalam.jpg
XYLOPHONE;http://img.over-blog.com/100x42/0/51/39/34/instrument2/xylophone.jpg
ZOURNA;http://img.over-blog.com/100x72/0/51/39/34/instrument2/zourna.jpg